Period,tax revenue_import_duty,tax revenue_excise_duty,tax revenue_income_tax,tax revenue_vat_tax,tax revenue_other_tax income,total_tax_revenue,non-tax_revenue_revenue,total_revenue_revenue,total_programme_grants,project_grants_grants,project_total_grants,recurrent expenditure_domestic interest_grants,recurrent expenditure_foreign interest_grants,recurrent expenditure_wages & salaries_grants,recurrent expenditure_pensions_grants,recurrent expenditure_other_grants,recurrent expenditure_total_recurrent_expenditure,recurrent expenditure_county transfer_recurrent_expenditure,development_expenditure_recurrent_expenditure,development_total_expenditure_expenditure
1999-12,13912,14007,25545,19734,,73198,13131,86329,329,2211,2540,8935,4597,33483,2520,24135,73670,,12765,86435
2000-03,21407,21182,37156,30091,,109836,20756,130592,344,3319,3663,15784,6039,50232,3732,39481,115268,,22493,137761
2000-06,28605,28493,54402,40944,,152444,25999,178443,0,4247,4247,20752,8635,65861,5145,56142,156535,,18584,175119
2000-07,2813,1572,2905,2708,,9998,1617,11615,0,323,323,2739,746,5805,543,4225,14058,,1360,15418
2000-08,4427,4152,6375,7392,,22346,4257,26603,0,516,516,4298,1060,11610,600,12192,29760,,1909,31669
2000-09,7273,6604,12174,11424,,37475,6797,44272,0,3069,3069,6682,1497,17415,1309,17457,44360,,5450,49810
2000-10,10131,8716,15448,15386,,49681,9319,59000,0,3355,3355,8659,1934,23220,1650,26926,62389,,7396,69785
2000-11,13022,11314,19522,19824,,63682,10898,74580,0,3569,3569,9603,2056,29025,2250,33368,76302,,9646,85948
2000-12,15048,13379,25026,23516,,76969,13396,90365,1714,6420,8134,11302,2232,34828,3250,40593,92205,,12707,104912
2001-01,17301,16115,28901,27924,,90241,17042,107283,1714,8410,10124,13606,2915,41062,4096,48053,109732,,13659,123391
2001-02,19313,18250,32481,31742,,101786,21394,123180,1714,8654,10368,14901,3293,46622,4755,57650,127221,,14807,142028
2001-03,21733,20457,36597,36730,,115517,25289,140806,1714,11232,12946,16906,3727,52472,5116,65606,143827,,22196,166023
2001-04,23951,22896,40043,41195,,128085,26744,154829,3585,11648,15233,19225,4205,57431,5476,77896,164233,,23466,187699
2001-05,26224,25321,46418,45722,,143685,33866,177551,3585,11793,15378,20500,4445,62451,5837,86235,179468,,28892,208360
2001-06,28726,28318,55829,50298,,163171,31542,194713,5955,18125,24080,23232,7803,68119,6136,93651,198941,,33980,232921
2001-07,1697,1830,3162,3337,,10026,1739,11765,0,120,120,2349,1232,5699,5,3534,12819,,1007,13826
2001-08,4407,4515,6572,8166,,23660,4663,28323,1026,501,1527,3772,1617,12460,1475,11435,30759,,3542,34301
2001-09,5945,6662,12346,12277,,37230,7011,44241,1026,693,1719,5742,2436,18375,2505,15315,44373,,4609,48982
2001-10,7672,8968,15683,16438,,48761,10023,58784,1026,1229,2255,7844,3006,25313,2620,20733,59516,,6140,65656
2001-11,9946,11758,19614,21232,,62550,12819,75369,1026,1716,2742,9534,3238,31641,4213,31315,79941,,7676,87617
2001-12,11575,14113,25701,24826,,76215,14559,90774,1026,2002,3028,11985,4150,37837,4998,34640,93610,,8551,102161
2002-01,13305,17460,29724,29723,,90212,16848,107060,1026,2378,3404,14135,4998,44767,5782,42190,111872,,10555,122427
2002-02,14508,20586,33596,33541,,102231,21338,123569,1026,2675,3701,15878,5456,51073,6561,49359,128327,,12057,140384
2002-03,16114,23178,37918,37506,,114716,22966,137682,1026,3546,4572,18044,6186,57542,6572,55781,144125,,13467,157592
2002-04,17607,26016,42065,41896,,127584,28865,156449,1473,3681,5154,20423,6754,64827,7365,63667,163036,,15218,178254
2002-05,19323,28974,48780,46389,,143466,31095,174561,1473,4988,6461,21852,6941,72343,8155,69418,178709,,20459,199168
2002-06,21584,32077,55862,50871,,160394,37374,197768,1473,5350,6823,23744,6640,78125,8995,84458,201962,,24953,226915
2002-07,1421,2479,3015,3892,,10807,2124,12931,0,698,698,3105,732,6970,626,5575,17008,,1780,18788
2002-08,3226,5431,7540,8009,,24206,4180,28386,0,1691,1691,5076,1170,14272,1356,13180,35054,,5340,40394
2002-09,4554,8517,13442,12468,,38981,6871,45852,0,2712,2712,7374,1742,19277,2256,19201,49850,,7985,57835
2002-10,5963,10389,17528,18598,,52478,8897,61375,0,2983,2983,9592,3938,26719,3216,26205,69670,,9576,79246
2002-11,7383,13097,22656,23163,,66299,11002,77301,0,3539,3539,11240,4868,33753,4166,31889,85916,,12757,98673
2002-12,8520,15946,29916,27566,,81948,14540,96488,0,3621,3621,13533,5634,41200,5071,40518,105956,,14794,120750
2003-01,10119,19296,34827,32540,,96782,17524,114306,0,4673,4673,16005,6316,48182,5615,50135,126253,,17438,143691
2003-02,11781,22291,38580,37369,,110021,25542,135563,0,5808,5808,18044,6632,55629,6365,60387,147057,,19240.5,166298
2003-03,13276,25303,44149,42047,,124775,26310,151085,0,7366,7366,20862,7154,63076,7314,62672,161078,,21043,182121
2003-04,14712,28428,51614,46983,,141737,28462,170199,0,9195,9195,23329,7582,70413,6870,66995,175189,,29145,204334
2003-05,16542,31455,57418,51502,,156917,30414,187331,0,12502,12502,25183,7639,77750,7730,77458,195760,,35248,231008
2003-06,18477,35643,66744,56135,,176999,33751,210750,458,14484,14942,27567,8459,85087,9450,90055,220618,,43526,264144
2003-07,1677,2681,4736,3622,,12716,2339,15055,0,173,173,2124.98,910,7225,1201,7651,19111.98,,2438,21549.98
2003-08,3297,5574,9577,7703,,26151,5224,31375,0,2761,2761,4262.5,1310,14435,2103,14861,36971.5,,6756,43727.5
2003-09,4994,8937,16934,12713,,43578,8287,51865,4275,2908,7183,6504,1832,21574,2220,21449,53579,,7676,61255
2003-10,6647,12019,21865,18085,,58616,10637,69253,4275,3376,7651,8768,2526,28712,2720,29818,72544,,8740,81284
2003-11,8084,15401,26451,22932,,72868,13441,86309,4275,5055,9330,10684,2635,35851,4225,33880,87275,,11742,99017
2003-12,10044,18800,34766,28051,,91661,19884,111545,4383,5959,10342,12701,3382,43722,6125,40947,106877,,14910,121787
2004-01,12079,22689,39854,33458,,108080,22015,130095,4383,6128,10511,14301,4092,54738,8375,47610,129116,,16894,146010
2004-02,13758,25819,45323,38472,,123372,25071,148443,4383,8163,12546,16410,4498,63638,9305,52742,146593,,20046,166639
2004-03,15790,29434,51380,44115,,140719,28985,169704,4383,8165,12548,18710,4974,70370,10205,63123,167382,,22039,189421
2004-04,18003,32817,60967,49959,,161746,33961,195707,4383,9784,14167,20309,5608,78610,10570,72036,187133,,25615,212748
2004-05,19457,35885,67287,55199,,177828,38384,216212,4383,9894,14277,21857,5662,86938,10933,79213,204603,,27028,231631
2004-06,22324,40085,77410,61725,,201544,53137,254681,4383,11841,16224,23281,6419,95850,13612,105314,244476,,37711,282187
2004-07,1511,2964,5363,5027,,14865,1950,16815,0,1747,1747,1733.82,1108,8552.69,1080,4807.49,17282,,3160,20442
2004-08,3591,6239,11254,11391,,32475,4675,37150,0,2199,2199,3661,1536,17638,2530,12848,38213,,4162,42375
2004-09,5744,9830,20225,17664,,53463,7173,60636,0,3395,3395,5228,2184,26489,3030,21346,58277,,7661,65938
2004-10,7608,14117,28150,22967,,72842,12783,85625,0,3696,3696,6643,2796,35378,4140,30306,79263,,9516,88779
2004-11,9619,17879,34643,29323,,91464,17077,108541,0,3774,3774,8144,3100,44087,5240,39093.5,99664.5,,13593.5,113258
2004-12,11872,21737,47005,36003,,116617,22327,138944,0,5611,5611,9777,4121,53054,6340,45422,118714,,14922,133636
2005-01,14047,25260,55557,43434,,138298,27348,165646,0,7108,7108,11984.01,5190.43,62025.57,7532,50002.99,136735,,21388,158123
2005-02,15886,28901,61342,48930,,155059,30460,185519,0,9366,9366,13855,5612,68899,9132,56307,153805,,24158,177963
2005-03,17533,32414,69295,55620,,174862,33903,208765,0,10371,10371,16368,6196,77315,9797,67309,176985,,25268,202253
2005-04,19309,36180,78792,62565,,196846,35960,232806,0,11236,11236,18406,6724,85602,11821,77780,200333,,29621,229954
2005-05,21010,39892,87626,68247,,216775,37405,254180,0,12396,12396,20500,7011,95780,12124,90049,225464,,35328,260792
2005-06,23532,44151,99255,75989,,242927,46875,289802,5564,9341,14905,23375,7427,105612,12568,109096,258078,,45627,303705
2005-07,987,2687,6654,3826,,14154,1327,15481,0,818,818,2098,1946,8944,575,7571,21134,,3533,24667
2005-08,2742,6080,15462,9577,,33861,3551,37412,0,1881,1881,4201,2603,17869,2118,21576,48367,,8785,57152
2005-09,4652,11369,27337,14771,,58129,6815,64944,0,3760,3760,6529,3222,26833,4438,32072,73094,,13458,86552
2005-10,6322,15246,35498,21362,,78428,12493,90921,0,4201,4201,8970,5031,35619,7404,43993,101017,,16821,117838
2005-11,8227,20179,42620,26950,,97976,13629,111605,0,4704,4704,11198,5155,43747,9434,52603,122137,,19157,141294
2005-12,9923,24937,54823,33753,,123436,19179,142615,0,5698,5698,13761,5824,53666,11189,70401,154841,,23847,178688
2006-01,11731,29458,62639,41172,,145000,24821,169821,4371,9548,13919,16873,6887,62610,12698,80326,179394,,30397,209791
2006-02,13270,33685,69270,47161,,163386,26840,190226,4371,10131,14502,19690,8075,71555,14088,87103,200511,,34745,235256
2006-03,15205,37886,78853,54261,,186205,30947,217152,4371,11234,15605,22772,8715,79621,15571,100299,226978,,41437,268415
2006-04,16053,41208,89221,60194,,206676,34314,240990,4371,11981,16352,25419,9276,88448,16274,109883,249300,,44350,293650
2006-05,18426,45389,100030,67931,,231776,41715,273491,4371,12579,16950,28364,9378,97300,17922,122508,275472,,53415,328887
2006-06,20511,50309,108897,76263,,255980,57615.55,313595.55,4371,15592,19963,31445,9664,112277,19759,143036,316181,,60301,376482
2006-07,2031.08,3768.98,7398.71,7589,,20787.77,1858.02,22645.79,0,264,264,3009,582,9886,1800,10263,25540,,372,25912
2006-08,4650,8755,14810,14016,,42231,4227,46458,0,1440,1440,5964,925,19492,4800,19352,50533,,8824,59357
2006-09,6971,12768,28625,19560,,67924,7633,75557,0,2173,2173,8918,1531,29344,6800,33874,80467,,13901,94368
2006-10,8954,16862,35345,29267,,90428,13743,104171,0,3693,3693,11732,1861,39087,8100,48555,109335,,19034,128369
2006-11,11294,21240,43019,37417,,112970,15687,128657,0,5025,5025,14389,1957,48800,9900,60206.54,135252.54,,25858.36,161110.89
2006-12,13692.73,25373.9,56537,44617,,140220.64,22218.18,162438.82,0,6027,6027,17559,2756,58514.21,11798.11,69864.6,160491.92,,30276.87,190768.79
2007-01,16071,31205,65182,53015,,165473,29847,195320,0,6163,6163,20634,3224,67370,12348,79741,183317,,36409,219726
2007-02,18178,35139,72539,59867,,185723,36020,221743,0,6463,6463,23507,3560,78528,14208,93710,213513,,41924,255437
2007-03,20514,39613,82947,68899,,211973,44741,256714,0,8283,8283,27789,4158,89423,16668,106502,244540,,53094,297635
2007-04,23078,44926,97426,78522,,243952,46493,290445,0,11011,11011,30959,4532,99437,17648,120816,273392,,57472,330864
2007-05,25336,50336,108700,87395,,271767,56188,327955,0,11150,11150,33698,4623,111308,19718,127186,296533,,65153,361686
2007-06,27510,56406,124855,96269,,305040,67990,373030,0,15494,15494,36860,5677,128754,20449,133959,325699,,81053,406752
2007-07,3215,5162,10060,10742,,29179,4337,33516,0,656,656,3443,400,10532,1550,10617,26542,,2751,29293
2007-08,5913,10732,19686,19580,,55911,8886,64797,0,1167,1167,7413,685,18936,3586,25594,56214,,13432,69646
2007-09,8587,15286,34486,28835,,87194,8816,96010,0,1237,1237,10454,1069,33208,5238,28578,78547,,16275,94822
2007-10,11550,20953,45811,38500,,116814,13588,130402,0,4735,4735,14026,1501,44188,6710,45162,111587,,31232,142819
2007-11,14620,26998,56302,48176,,146096,16487,162583,0,6365,6365,17568,1729,55347,8507,59827,142978,,45560,188538
2007-12,16734,31030,71944,54489,,174197,29534,203731,0,8362,8362,21111,2330,68335,12560,65899,170235,,51723,221958
2008-01,19651,37665,83880,66249,,207445,34077,241522,3759,12345,16104,24572,2752,79725,12200,102416,221665,,61951,283616
2008-02,22497,42036,92769,75003,,232305,37001,269306,3759,12345,16104,27931,3036,91115,13300,110597,245979,,67992,313971
2008-03,25650,46662,105627,82964,,260903,47380,308283,3759,14305,18064,30969,4069,103504,16840,127674,283056,,75538,358594
2008-04,27846,52062,123757,92085,,295750,50441,346191,3759,16166,19925,33692,4492,118452,19290,137243,313169,,80757,393926
2008-05,30534,57077,138685,102154,,328450,53181,381631,3759,21036,24795,38243,4719,130297,22350,156735,352344,,96341,448685
2008-06,32944,61906,156832,111939,,363621,68599,432220,3759,21689,25448,42181,5696,145996,24089,185407,403368,,131473,534841
2008-07,2476,5238,11384,10354,,29452,4100,33552,0,121,121,3213,356,13788,1550,7293,26200,,3320,29520
2008-08,4654,10437,22118,20201,,57410,8818,66228,0,2090,2090,6742,605,27183,3620,18262,56412,,18231,74643
2008-09,7760,15882,39782,31243,,94667,14219,108886,0,3239,3239,10417,1087,38111,7315,33556,90486,,19580,110066
2008-10,10964,21837,52024,41993,,126818,19429,146247,0,3520,3520,13629,1536,52138,8840,60543,136686,,39172,175858
2008-11,14326,26446,62803,53117,,156692,23568,180260,0,3890,3890,18805,1692,61815,10400,71731,164443,,46067,210510
2008-12,18052,32495,84804,63846,,199197,32564,231761,0,5165,5165,21359,2637,77778,13970,90195,205939,,57006,262945
2009-01,21181,39019,98540,74678,,233418,37776,271194,0,6225,6225,25176,3380,90435,14610,104988,238589,,62947,301536
2009-02,24077,44781,117533,84620,,271011,38234,309245,0,9604,9604,30472,3944,103550,16210,124721,278897,,80486,359383
2009-03,27062,50503,133603,94818,,305986,38239,344225,0,13209,13209,33510,4442,117270,21021,132371,308614,,81512,390126
2009-04,29813,57332,157873,105056,,350074,42481,392555,0,14659,14659,37346,4896,130300,21220,166377,360139,,104985,465124
2009-05,32642,63422,179117,115032,,390213,42227,432440,0,17202,17202,42089,6267,143330,22320,179494,393500,,122203,515703
2009-06,36181,69872,184447,126854,,417354,70539,487893,0,18065,18065,45949,6109,155220,27191,200952,435421,,160177,595598
2009-07,3316,5848,11848,12398,,33410,4652,38062,0,2018,2018,4509,558,14458,2570,13300,35395,,9393,44788
2009-08,6316,10850,23514,23044,,63724,8547,72271,0,2549,2549,8834,826,28917,5130,32302,76009,,21636,97645
2009-09,9490,17273,45394,34547,,106704,19949,126653,0,3469,3469,13497,1490,43375,6880,56750,121992,,39021,161013
2009-10,12894,23731,60443,44887,,141955,25355,167310,0,3524,3524,19631,1917,57833,8920,76508,164809,,45920,210729
2009-11,16492,29838,73066,57082,,176478,27986,204464,0,3524,3524,25789,2199,72291,12470,82700,195449,,52297,247746
2009-12,20647,37301,97049,69454,,224451,32863,257314,0,8766,8766,31144,3167,82516,16110,101911,234848,,61284,296132
2010-01,24029,43080,111349,81309,,259767,44764,304531,0,9879,9879,34415,3623,101208,17410,125783,282439,,91807,374246
2010-02,27012,48668,123131,91879,,290690,49994,340684,0,9978,9978,38861,3886,115666,20300,153009,331722,,108304,440026
2010-03,30499,54375,140282,104723,,329879,57810,387689,0,14378,14378,43440,4483,128058,24812,181097,381890,,121194,503084
2010-04,34017,60951,164615,116820,,376403,63870,440273,0,16301,16301,46510,4898,144583,24778,191856,412625,,152487,565112
2010-05,37396,67745,182052,128187,,415380,69823,485203,0,16822,16822,51923,5194,156515,27094,228185,468911,,175633,644544
2010-06,41372,74644,216760,146792,,479568,106809,586377,0,31190,31190,58438,6341,173499,28441,269676,536395,,255398,791793
2010-07,2821,5889,13219,11916,,33845,4694,38539,0,0,0,3762,491,15974,1950,13582,35759,,174,35933
2010-08,6273,12065,27193,24513,,70044,12042,82086,0,944,944,9380,747,31948,4085,39260,85420,,26364,111784
2010-09,10323,18968,51972,38207,,119470,13399,132869,0,1178,1178,14487,1596,43412,6000,58227,123722,,39741,163463
2010-10,14402,25565,69453,53228,,162648,25253,187901,0,5185,5185,21612,2303,64881,8860,83276,180932,,62550,243482
2010-11,18647,32331,84560,67487,,203025,33378,236403,0,6757,6757,27223,2789,81101,10650,102229,223992,,79574,303566
2010-12,22699,39516,114188,81576,,257979,36883,294862,0,8108,8108,34214,3634,98395,13470,123817,273530,,83192.67,356722.67
2011-01,26830,47177,130250,98612,,302869,47856,350725,0,11851,11851,36737,4169,114794,15110,149392,320202,,113899.5,434101.5
2011-02,29881,54186,144295,111427,,339789,54751,394540,0,14262,14262,41645,4429,131194,17010,161224,355502,,133862,489364
2011-03,34032,60879,164961,125497,,385369,61197,446566,0,15766,15766,49214,5159,147593,19310,188835,410111,,149889,560000
2011-04,37105,66528,195385,139887,,438905,72487,511392,0,14294,14294,52846,5159,165051,22385,216196,461637,,168499,630136
2011-05,41112,73371,221026,154226,,489735,76052,565787,0,18993,18993,58183,6174,181556,23660,229768,499341,,188257,687598
2011-06,46072,80567,258651,171881,,557171,103593,660764,0,7468,7468,69209,6989,197959,26670,281696,582523,,234566,817089
2011-07,3248,5104,14653,13748,,36753,2609,39362,0,573,573,2737,567,18547,1700,14853,38404,,5315,43719
2011-08,7888,11159,31470,27934,,78451,5949,84400,0,1044,1044,11384,826,37094,3800,25297,78401,,17480,95881
2011-09,12426,17760,63008,42711,,135905,11147,147052,0,2760,2760,17366,1551,55641,6152,55765,136475,,43150,179625
2011-10,16356,22853,84523,55660,,179392,14346,193738,0,3232,3232,23738,2102,68345,8072,86313,188570,,59731,248301
2011-11,20513,30073,103651,70910,,225147,17992,243139,0,5774,5774,29467,2559,85432,9250,116977,243685,,76384,320069
2011-12,25055.46,37010.85,141447.82,86160.58,,289674.72,25163.86,314838.57,0,7017.63,7017.63,37749.14,3454.61,108090.1,11250,155388.76,315932.61,,114992.97,430925.57
2012-01,28584.82,44380.12,159088.7,100781.65,,332835.29,29280.7,362115.99,0,8653.86,8653.86,38182.22,4060.8,126105.11,13250,190266.43,371864.57,,137335.58,509200.15
2012-02,32455,50627,178098,114489,,375669,33908,409577,0,10256,10256,51178,4339,144120,15150,211248,426035,,160518,586553
2012-03,36587,57999,203053,128633,,426272,38897,465169,0,10568,10568,56422,5099,163974,18852,235083,479430,,190752,670182
2012-04,40539,64504,240871,142939,,488853,45589,534442,0,12536,12536,65007,5645,182193,21752,271219.28,545816.28,,202878,748694.28
2012-05,45558,71926,268833,157690,,544007,53288,597295,0,12966,12966,73800,6134,198756,23652,292311.28,594653.28,,231574,826227.28
2012-06,51712,78884,312463,183386,,626445,64287,690732,0,12966,12966,82339,8880,218833,26152,302865,639069,,276819,915888
2012-07,3973.99,5625.32,17973.38,12822.1,,40394.79,2794.57,43189.36,0,10.1706,10.1706,6815.19,698.1526121,21783.33,2050,8796.96,40143.64,,9888.6,50032.24
2012-08,8932.89,11459.2,41990.51,27186.4,,89569,7774.3,97343.3,,519.5264668,519.5264668,18183.87,1686.45,43566.67,3500,40927.12,107864.11,,38321.03,146185.13
2012-09,13137.73,18301.34,78106.65,41515.82,,151061.54,10942.47,162004.01,,1292.51,1292.51,25209.18,2922.52,65350,6350,68240.63,168072.33,,64219.81,232292.14
2012-10,18528.02,26307.61,103100.53,53056.31,,200992.47,15278.16,216270.63,,2953.08,2953.08,36129.28,3683.09,86478.25,6850,94623.97,227764.58,,80694.52,308459.11
2012-11,23488.84,33208.91,126569.48,72555.99,,255823.23,25136.18,280959.41,,4370.76,4370.76,45835.69,4462.05,108916.67,10300,133614.54,303128.95,,99937.95,403066.9
2012-12,28212.63,40532.06,168398.39,87565.62,,324708.7,34374.59,359083.29,,6282.51,6282.51,53622.58,5528.77,131149.18,12300,182881.04,385481.57,,120930.06,506411.63
2013-01,33537.28,49387.03,192826.92,105042.06,,380793.29,38783.11,419576.4,,7917.79,7917.79,59307.55,6834.88,153007.38,14130,205106.73,438386.54,,151162.16,589548.7
2013-02,37906.34,56523.11,214700.73,119699.63,,428829.82,44456.41,473286.23,,8543.24,8543.24,71512.07,7427.72,174266.67,16930,230903.54,501040,,159151.43,660191.43
2013-03,42458.74,63087.89,243592.05,134455.45,,483594.14,47998.12,531592.25,,12119.61,12119.61,78929.14,8732.27,202225.07,19930,266599.3,576415.78,,197661.2,774076.98
2013-04,47144.94,69984.26,290336.19,189157.57,,596622.96,62376.34,658999.3,,13607.5,13607.5,87699.14,9485.34,217833.33,20180,324804.24,660002.05,,218169.51,878171.56
2013-05,52379.92,77495.66,326852.67,168795.33,,625523.58,69522.81,695046.39,,17146.13,17146.13,101275.29,10299.86,247163.97,22030,356700.55,737469.67,,248051.61,985521.28
2013-06,61484.24,91810.07,370600,216000,,739894.32,82772.64,822666.96,,76373.33,76373.33,94513.54,11335.23,292239,41011.83,380551.34,819650.94,,443721.01,1263371.95
2013-07,6700.69,7947.21,25208.81,15256.69,,55113.41,3464.01,58577.41,,17,17,3315.2,504.2940934,22788.15,1800,21343.47,49751.12,,175.346881,49926.47
2013-08,16071.3,18250.44,52563.23,34215.07,,121100.04,7022.23,128122.27,,298.9744211,298.9744211,14654.6,809.3578708,45388.38,4050,56410.42,121312.75,16440.59,7281.19,145034.54
2013-09,23325.5,29001.86,98914.41,51548.7,,202790.47,10776.54,213567.01,,1623.96,1623.96,28377.45,2913.05,67292.28,6050,88786.62,193419.39,32881.18,38125.32,264425.9
2013-10,31774.58,31870.54,131457.09,71973.5,,267075.71,21600.4,288676.11,,4636.05,4636.05,40650.43,3480.51,90376.75,8900,116934.15,260341.84,32881.18,59077.77,352300.8
2013-11,39722,40835.65,159185.37,91186.85,,330929.88,33160.39,364090.26,,7891.42,7891.42,50945.13,4016,113720.94,11460,139857.1,319999.17,52223.06,86160.45,458382.67
2013-12,47493,48050.39,210699.12,110723.24,,416965.75,43636.6,460602.35,,8368.61,8368.61,60096.26,5019.9,138165.13,13810,162330.28,379421.57,66542.32,110801.04,556764.93
2014-01,55873.03,57044.76,239412.09,132020.4,,484350.28,54450.58,538800.86,,9298.66,9298.66,64918.71,5688.91,173395.17,16010,196048.64,456061.43,88972.61,124805.58,669839.62
2014-02,62547.68,64686.19,264210.53,149385.25,,540829.64,46275.51,587105.15,,11580.08,11580.08,75748.55,6040.25,196831.47,18310,198953.81,495884.08,91207.95,158805.86,745897.89
2014-03,69518.49,72451.77,298241.62,168100.46,,608312.34,73264.43,681576.77,,12723.3,12723.3,82561.9,8192.83,221249.69,20310,213130.47,545444.89,110115.24,172084.74,827644.87
2014-04,76877.99,81085.61,351630.35,188091.81,,697685.76,81327.68,779013.44,,16734.5,16734.5,89273.47,8759.89,246032.99,22660,239446.78,606173.12,124810.42,209478.72,940462.26
2014-05,84511.67,90419.75,389249.19,210202.43,,774383.04,85776.82,860159.86,,20605.4,20605.4,108703.69,9479.74,270836.28,24910,267877.26,681806.98,159907.7,237985.21,1079699.88
2014-06,67554.64,102029.1,449590.07,232630.32,,851804.13,117358.03,969162.15,,25272.96,25272.96,119193.05,14934.32,288471.47,31210,342684.21,796493.04,193389.86,291279.92,1281162.82
2014-07,4564.12,7614.58,31331.13,17885.28,,61395.11,28335.1,89730.22,,527.23,527.23,4509.05,462.6764361,25000,1800,15358.76,47130.48,0,2459.6,49590.08
2014-08,10180.3,14893.93,62134.53,37505.22,,124713.98,42866.19,167580.17,,581.802,581.802,18657,1051.22,50010,3945.98,55456.43,129120.64,0,11949.15,141069.79
2014-09,16632.95,24672.98,116250.03,58708.19,,216264.15,45236.81,261500.96,,3377.15,3377.15,34672.73,3848.46,75030,6915.98,98484.71,218951.88,9064.02,33099.67,261115.56
2014-10,22465.82,37500.36,150355.81,80398.18,,290720.16,61552.46,352272.63,,6010.81,6010.81,39569.1,4179.79,91492.45,9735.98,104572.59,249549.91,50721.92,73235.79,373507.61
2014-11,28171.97,47378.45,180321.15,101526.79,,357398.36,58731.83,416130.19,,6664.25,6664.25,51230.69,5164.95,114365.56,12495.98,119190.9,302448.07,69908.34,117740.19,490096.6
2014-12,35091.52,56506.12,239201.93,122887.72,,453687.29,83078.31,536765.6,,7826.84,7826.84,56110.24,11375.15,150000,15995.98,150371.38,383852.75,83616.28,146495.56,613964.59
2015-01,41881.56,66833.18,272458.24,147619.96,29417.87,558210.8,52845.54,611056.34,0,11204.86,11204.86,61630.83,12806.62,165150.91,19246.98,200895.08,459730.43,108244.08,196861.21,764835.72
2015-02,47363.61,74536.93,303065.92,166771.33,35951.14,627688.93,65098.74,692787.67,,15158.17,15158.17,72382.34,18914.55,188743.9,20446.98,235488.12,535975.88,115321.81,212885.93,864183.63
2015-03,53241.66,83762.29,342207.38,187640.07,32219.03,699070.44,65496.89,764567.34,,19123.61,19123.61,85699.5,21303.29,225000,25946.98,261707.44,619657.21,138064.92,375413.07,1133135.19
2015-04,59201.65,94354.32,398095.05,210855.39,39628.18,802134.59,76263.71,878398.29,,23419.63,23419.63,97735.57,21303.29,250000,30046.98,293817.1,692902.94,172338.06,399083.81,1264324.81
2015-05,65320.78,104866.07,442489.54,233154.99,35200.43,881031.81,77734.03,958765.84,,23531.13,23531.13,109786.1,21309.01,232817.94,33081.98,350025.36,747020.39,180538.26,420084.15,1347642.8
2015-06,74047.72,115871.72,508580.9,259685.2,39039.89,997225.43,85936.47,1083161.9,,27383.85,27383.85,139727.92,29289.05,297978.48,38231.98,359020.53,864247.96,229336.24,511822.12,1605406.32
2015-07,5853.47,9415.75,36489.51,21897.56,3464.09,77120.38,4087.26,81207.63,,61.0026082,61.0026082,6722.04,1973.01,27793.89,200,15138.25,51827.19,0,5155.94,56983.12
2015-08,12675.89,19812.26,69280.2,44333.76,7318.48,153420.59,8770.25,162190.83,,2975.94,2975.94,19393.26,2454.2,55587.78,3100,16553.28,97088.52,11834.57,29772.57,138695.66
2015-09,19422.32,30103.86,126753.69,69408.95,10935.47,256624.3,20369.81,276994.11,,5493.79,5493.79,37395.18,5635.86,52089.78,10400,76074.54,181595.36,31387.6,41218.7,254201.66
2015-10,26230.62,41110.6,162202.78,91824.89,15584.2,336953.08,28530.6,365483.68,,6494.63,6494.63,51557.36,5635.86,52092.78,14400,161362.77,285048.77,54151.57,57472.47,396672.81
2015-11,32733.88,51809.44,197436.72,115132.81,18982.72,416095.56,35190.16,451285.72,,8252.1,8252.1,67275.85,5990.23,97226.1,19055,179848.1,369395.27,78767,159564.86,607727.13
2015-12,39170,64705,262184,138036,21945,526040,49200,575240,,9243,9243,85715,15067,148714.77,23468,203997.23,476962,99191,193030,769183
2016-01,46501.24,77032.83,297878.07,163068.66,24759.51,609240.3,61700.2,670940.5,,20825.6,20825.6,92686.07,17374.18,194557.22,27053.7,218855,550526.18,114192.75,224147.67,888866.61
2016-02,47212.86,77666.68,299514.61,164755.34,25375.53,614525.01,66352.92,680877.93,,24248.77,24248.77,105146.71,17937.31,222351.11,27053.7,194337.48,566826.32,114659.52,246270.44,927756.27
2016-03,57792.86,99129.09,379544,209242.65,30167.5,775876.09,76503.81,852379.9,,24491.23,24491.23,122586.88,19403.84,250145,35243.53,283424.12,710803.37,161598.08,297263.12,1169664.57
2016-04,64271.46,111517.06,445127.85,234226.41,32973.57,888116.35,85145.59,973261.94,,26075.67,26075.67,137820.73,20253.97,277938.89,42278.43,323418.54,801710.57,199384.77,337847.99,1338943.32
2016-05,71582.14,125956.96,497253.66,260671.9,36055.39,991520.04,93345.49,1084865.54,,26480,26480,153792.91,21524.14,305732.78,47892.93,371506.65,900449.41,227231.69,363870.47,1491551.56
2016-06,79187.93,139540.34,564475.21,289213.47,39567.66,1111984.62,110030.12,1222014.74,,28005.46,28005.46,172857.04,30510.02,307421.4,54396.43,463943.67,1029128.55,264038.64,483601.22,1776768.41
2016-07,6136.02,13555.24,35269.49,23775.81,2316.11,81052.67,7641.07,88693.74,0,0,0,8643.42,7030.99,30064.68,2603.5,13471.98,61814.58,0,1579.67,63394.25
2016-08,12797.55,27205.48,80325.68,52696.55,5174.61,178199.87,18588.96,196788.82,0,25.9295715,25.9295715,26556.32,7774.3,45635.66,7504.5,68661.95,156132.73,29493.98,6147.45,191774.15
2016-09,19968.63,40427.17,140855,79648.06,8130.3,289029.16,27140.39,316169.54,0,1422.36,1422.36,36110.38,9422.97,75100,14533.6,107164.45,242331.4,55346.51,81751.51,379429.41
2016-10,25843.57,52977.15,177381.82,100833.15,10375.4,367411.09,37880.27,405291.36,0,2166.85,2166.85,59154.68,10676.13,120258.74,16471.9,123383.58,329945.03,68270.92,130708.58,528924.53
2016-11,32551.39,60350.37,222639.68,126909.84,12147.12,454598.41,58135.1,512733.51,0,7358.18,7358.18,76925.2,14818.71,150323.42,21454.3,161250.65,424772.28,95596.66,225436.67,745805.61
2016-12,42883.21,81664.37,289274.61,160535.77,16812.6,591170.56,78164.53,669335.1,0,6424.71,6424.71,100088.42,25447.95,180388.11,30244.55,200386.49,536555.52,116252.25,251622.97,904430.74
2017-01,50841.52,95811.63,330139.6,190043.66,19403.28,686239.69,86454.94,772694.63,0,12950.39,12950.39,110412.62,34805.51,210452.79,32461.55,222037.64,610170.12,139309.49,333425.71,1082905.32
2017-02,58615.39,109381.19,364994.08,217776.7,22381.9,773149.26,96571.69,869720.96,0,14157.63,14157.63,125425.29,35589.51,240517.47,38696.55,268772.4,709001.23,152669.15,379645.43,1241315.8
2017-03,65804,121568,412034,246084,25118.91,870608.88,104098.73,974707.6,0,20479.18,20479.18,145791.96,37279.89,270582.16,41911.25,312942.75,808508,185231.18,441360.14,1435099.32
2017-04,72638,134666,482910,274169,27613.71,991996.2,114131.87,1106128.07,0,22328.55,22328.55,164125.52,38508.27,300646.84,50723.75,362333.43,916337.8,210183.27,530711.28,1657232.35
2017-05,81319,149102,547507,305994,30553.97,1114477.06,136770.48,1251247.54,0,20699.32,20699.32,188577.71,44322,307424.52,52520.75,454556.12,1047401.09,245501.35,559397.12,1852299.55
2017-06,89943,165474,625050,339034,33961.29,1253462.72,143637.53,1397100.24,0,26662.63,26662.63,212865.24,53520.42,360776.21,62393.35,529457.24,1219012.45,284708.46,660000.9,2163721.81
2017-07,6624,13248,37256,27199,3456.52,87783.34,7628.51,95411.85,0,81.1812,81.1812,11708.84,7102.48,32604.92,250,17821.82,69488.06,8793.58,5748.51,84030.16
2017-08,13196,27163,81718,58888,6801.16,187765.67,16260.38,204026.05,0,1687.81,1687.81,29524.29,7763.86,65209.83,7545.8,77352.63,187396.42,17901.08,24275.43,229572.92
2017-09,20974.02,40328.01,157245.35,86381.64,12487.23,317416.26,27461.49,344877.75,0,6265.57,6265.57,49871.41,12246.58,97814.75,10222.32,127052.54,297207.61,20434.08,57713.23,375354.92
2017-10,27600.58,47824.45,202707.16,111987.92,15090.93,405211.04,38846.96,444057.99,0,4669.56,4669.56,70241.95,19427.91,122003.94,16315.17,163187.77,391176.74,35371.29,121796.38,548344.41
2017-11,40873.87,62635.27,245488.49,141632.51,18070.28,508700.42,49694.48,558394.9,0,9922.55,9922.55,89408.82,25130.6,163024.58,22170.2,210492.1,510226.29,65452.7,143302.51,718981.5
2017-12,47530.09,75181.78,319672.4,167298.73,20684.77,630367.76,75856.93,706224.7,0,14791.91,14791.91,114630.26,41279.05,195629.5,27908.41,255069.38,634516.61,84670.93,209797.72,928985.25
2018-01,58181.17,92484.76,377219.09,203206.59,24123.83,755215.44,85403.57,840619.01,0,16305.04,16305.04,125890.99,50339.41,228234.42,31735.91,323470.58,759671.31,107516.24,209851.17,1077038.72
2018-02,64929.02,104706.34,409145.24,230545.42,26693.42,836019.44,97470.07,933489.51,0,19119.12,19119.12,140772.99,51063.26,260839.33,37515.91,366306.5,856497.99,126943.93,277073.94,1260515.87
2018-03,72871.8,117481.1,460769.05,258547.99,29679.08,939349.02,108426.72,1047775.73,0,23306.91,23306.91,164585.41,55594.79,293444.25,47038.94,412395.95,973059.34,174517.77,341079.36,1488656.48
2018-04,80419.6,132194.82,521794.73,289816.5,32573.42,1056799.05,118363.16,1175162.22,0,23695.88,23695.88,189922.8,62785.04,326049.17,52750.94,456177.42,1087685.37,193060.77,366067.3,1646813.43
2018-05,89169,146330,576431,322619,35722,1170271,137446,1307717,0,25660.33,25660.33,214077,66456,358654,54667,509229,1203083,239787.59,392982.33,1835852.92
2018-06,99214.64,162483.84,640593.35,356855.92,52544.53,1311692.29,175534.78,1487227.07,0,27600.14,27600.14,239469.9,84420.24,383950.92,65098.55,546646.23,1319585.84,306200,485673.05,2111458.89
2018-07,8299.47,15926.33,41767.33,29938.05,2851.73,98782.92,11372.6,110155.52,0,0,0,17311.96,10462.31,37013.08,3300,21385.15,89472.5,0,2203.7,91676.2
2018-08,18175.29,29284.38,89560.42,61801.53,6313.06,205134.67,21971.66,227106.33,0,1496.27,1496.27,34002.41,19076.9,74026.16,7693.4,78029.49,212828.36,4031.94,36083,252943.3
2018-09,25760,42794.94,159111.93,92640.15,9030.36,329337.39,36657.46,365994.85,0,3578.05,3578.05,61118.92,22979.46,94978.24,13122.27,153174.35,345373.24,23532.37,83554.65,452460.26
2018-10,36065.65,57723.99,207365.43,126600.98,12180.14,439936.2,49866.56,489802.76,0,6428.35,6428.35,82890.1,32384.41,148052.32,18277.13,163261.19,444865.14,44704.47,130301.04,619870.64
2018-11,44789.97,75580.15,255084.63,165202.67,15108.29,555765.71,63241.22,619006.93,0,8187.2,8187.2,105505.46,32384.41,185065.4,22931.43,196780.38,542667.07,74491.27,234868.88,852027.23
2018-12,51700.53,91722.6,325542.98,193850.87,17938.83,680755.82,113896.88,794652.7,0,8828.68,8828.68,131525.06,46099.34,201615.88,38171.51,226492.9,643904.69,119674.39,311881.76,1075460.83
2019-01,61152.3,110267.21,380397.7,232443.62,21111.56,805372.39,119434.61,924806.99,0,9441.75,9441.75,146765.11,52475.36,247958.59,37392.6,328206.56,812798.22,150258.12,328606.66,1291662.99
2019-02,69878.85,125589.56,413265.04,266930.24,24235.65,899899.33,132923.13,1032822.47,0,12302.83,12302.83,165625.12,61122.26,283381.24,43884.83,370300.99,924314.45,177310.95,364473.94,1466099.34
2019-03,78822.39,142176.47,470096.9,300146.28,27270.74,1018512.77,138675.47,1157188.24,0,16833.93,16833.93,193339.39,80049.95,318062.94,50727.02,411663.62,1053842.93,205630.1,384915.87,1644388.9
2019-04,86713.27,158215.31,545054.29,334976.24,30356.9,1155316,178542.83,1333858.84,0,18935.68,18935.68,220088.71,86272.48,354226.55,55603.02,486995.68,1203186.44,234285.21,419126.89,1856598.54
2019-05,97254.24,178437.09,605288.27,374348.21,33927.62,1289255.43,204446.66,1493702.09,0,20385.3,20385.3,245956,90450.5,389649.21,60238.77,542752,1329046.48,263350.6,477427.07,2069824.16
2019-06,107701.8254,196588.3191,685389.3233,413186.1136,37347.14752,1440212.729,204460.5881,1644673.317,0,30348.21567,30348.21567,264832.3803,103717.57,427952.7012,84605.29411,618893.639,1500001.585,360331.8178,529195.339,2389528.741
2019-07,7548.54244,16332.53713,45844.81346,34260.92425,3117.877615,107104.6949,10029.78063,117134.4755,0,0,0,28746.19775,15116.62422,38340.02593,3146.927675,22892.73433,108242.5099,0,4732.147533,112974.6574
2019-08,16184.87055,31622.55188,95220.90572,68882.27043,6987.445073,218898.0437,18454.59126,237352.6349,0,2920.167922,2920.167922,50369.80396,25533.56327,76680.05186,6534.927675,78731.26402,237849.6108,0,17036.41813,254886.0289
2019-09,25729.00653,49724.62306,180720.6074,105779.2516,9498.320091,371451.8087,49707.05347,421158.8622,0,2802.211289,2802.211289,76250.00787,34162.85605,109719.4744,26258.57672,144792.35,391183.2651,57542.09115,95900.48225,544625.8385
2019-10,34223.82587,67636.30604,241041.9237,140451.3418,13889.91783,497243.3152,61975.92725,559219.2424,0,8471.88266,8471.88266,97810.97336,40481.85814,153360.1037,29058.56571,182551.8773,503263.3782,69431.1164,129883.9989,702578.4935
2019-11,42860.32338,85839.67432,285276.8975,178096.8523,18481.38152,610555.129,122659.0415,733214.1706,0,9619.962077,9619.962077,126431.7125,52404.39128,191700.1297,33128.05493,232030.9308,635695.2192,87705.71095,183616.8231,907017.7533
2019-12,51551.24179,103376.5257,367428.7985,211544.0351,22748.20855,756648.8097,173725.3184,930374.1281,0,10147.40178,10147.40178,147163.9239,61511.53786,225709.1186,50197.37974,343164.8752,827746.8353,122208.6905,268145.1917,1218100.718
2020-01,61780.12032,123635.8985,416731.4136,245673.5042,26717.98544,874538.922,186959.4839,1061498.406,0,13535.79422,13535.79422,171465.8846,76608.22743,268380.1815,53478.73526,371298.4156,941231.4444,160472.3271,335160.3168,1436864.088
2020-02,69754.35019,140036.1116,456389.8359,275438.7323,30446.91432,972065.9443,203769.6942,1175835.639,0,14050.31507,14050.31507,195971.5544,86770.91482,306720.2075,59773.6357,415694.5923,1064930.905,188941.3589,360573.3728,1614445.636
2020-03,76931.09663,159490.8323,519713.802,305657.4462,34452.10029,1096245.277,235945.5625,1332190.84,0,13576.69568,13576.69568,223268.616,94548.34935,331864.3311,74145.72218,457670.2784,1181497.297,214784.8183,471960.0487,1868242.164
2020-04,83099.56697,171019.3675,591244.3982,332238.9431,36953.79006,1214556.066,253832.266,1468388.332,0,13400.43504,13400.43504,255057,100598.7199,380117.0194,74502.08253,487019.8946,1297294.716,246871.3149,426550.3477,1970716.379
2020-05,89247.52209,182082.298,638961.5949,354433.2319,39534.86037,1304259.507,279172.8325,1583432.34,0,18155.61766,18155.61766,285611.0947,112453.3165,421740.2852,76250.58062,549377.5522,1445432.829,263090.408,470374.7649,2178898.002
2020-06,98022.23644,195269.8252,706936.3321,383713.1885,43565.98629,1427507.569,306123.5427,1733631.111,0,19819.74128,19819.74128,315361.9427,121840.0895,449926.9467,89605.47873,668487.321,1645221.779,325278.0575,594943.6658,2565443.502
2020-07,6683.232462,15053.82399,42988.55276,26185.46457,3515.218973,94426.29275,10828.11066,105254.4034,0,0,0,27700.76436,15028.66851,26361.1195,3967.472619,15657.36083,88715.38581,908.0041239,4583.721283,94207.11122
2020-08,14350.76039,30997.93639,80632.6628,53574.91752,7690.071624,187246.3487,24612.94217,211859.2909,0,1375.575148,1375.575148,56781.03113,30339.04173,75222.239,13578.93085,75706.24333,251627.486,28021.59476,54222.44987,333871.5307
2020-09,23167.28665,47353.82876,151247.837,83062.40895,11942.79862,316774.16,61903.48839,378677.6484,0,3915.299221,3915.299221,81168.50518,34133.51785,118569.5353,26189.09572,99429.97533,359490.6294,28838.87298,122057.2755,510386.7779
2020-10,32069.85956,64454.46191,198206.8304,114144.8216,16415.94712,425291.9206,80019.21323,505311.1338,0,4404.746682,4404.746682,115684.6646,38127.69255,165444.478,30374.89047,152909.7964,502541.5221,81896.04163,137306.8633,721744.427
2020-11,40658.45766,83485.40029,234072.8523,144756.7773,20541.6806,523515.1681,100668.3384,624183.5065,0,5799.92785,5799.92785,154618.9023,51705.88355,206805.5975,32159.61604,192503.2423,637793.2417,108035.7131,185611.922,931440.8768
2020-12,51799.20389,102779.3917,309238.5638,179072.5181,25803.32114,668692.9986,141859.028,810552.0266,0,8500.407278,8500.407278,186745.8586,61063.53013,238207.1174,53821.29762,283538.027,823375.8308,128690.8348,262777.5617,1214844.227
2021-01,59921.31284,123051.7661,350582.7256,215787.1023,29926.90408,779269.8108,157774.1917,937044.0025,0,11101.85014,11101.85014,218187.7371,62842.31718,289527.8365,49686.81493,315658.6136,935903.3194,164402.445,246798.4006,1347104.165
2021-02,69449.32909,144351.7415,398371.1005,253257.2194,34918.99839,900348.3889,179213.5777,1079561.967,0,13964.58559,13964.58559,255863.1946,70258.31622,330888.956,55414.76651,352309.1599,1064734.393,186868.355,275516.4321,1527119.18
2021-03,80135.26173,162057.0677,455286.6726,292229.1412,40778.58595,1030486.729,214799.7635,1245286.493,0,18350.89634,18350.89634,286105.5079,80182.53566,352074.8253,82672.02741,439828.8542,1240863.75,209870.6461,369948.0256,1820682.422
2021-04,89066.20585,180647.1203,542106.3526,330642.7677,45710.74979,1188173.196,235645.9178,1423819.114,0,26161.83694,26161.83694,318487.946,82974.49141,406696.0015,76360.38419,502621.4151,1387140.238,249046.1234,399474.9417,2035661.303
2021-05,97724.62576,197061.7648,597548.6811,368273.9914,49867.97939,1310477.042,247710.959,1558188.001,0,28733.72239,28733.72239,360115.3432,97363.63141,448773.6815,78672.78902,546862.3834,1531787.829,273527.4573,436793.4418,2242108.728
2021-06,108375.1652,216324.9168,694052.5228,410758.3969,55248.68423,1484759.686,253624.9366,1738384.623,0,36888.05519,36888.05519,388829.5636,106312.3184,493913.5811,112975.4098,664925.9733,1766956.846,390809.4589,548531.2469,2706297.552
2021-07,7647.32829,16566.55682,55001.24673,38101.06719,4371.647132,121687.8462,13323.51183,135011.358,0,0,0,38980.53485,11777.99604,40956.14978,4564.071131,41175.75058,137454.5024,967.4060576,6252.014114,144673.9226
2021-08,16837.17027,37027.67601,104859.2139,78375.25704,9775.766898,246875.0842,30038.43365,276913.5178,0,135.0029628,135.0029628,74051.20193,26862.78276,87685.37066,12902.10716,93776.59186,295278.0544,31462.42054,52459.21585,379199.6908
2021-09,27067.51672,58428.18876,195471.5785,120378.3869,15020.01048,416365.6814,89936.02544,506301.7068,0,6655.421636,6655.421636,101141.5105,30018.59318,126543.5637,27663.48365,168292.8678,453660.0187,61050,116952.0037,631662.0224
2021-10,35889.85872,78774.40097,253235.0548,159671.1481,20186.1624,547756.625,107899.8905,655656.5154,0,6984.289136,6984.289136,141843.9595,33760.37111,175370.7413,31984.55503,230670.506,613630.1329,92500,150064.776,856194.909
2021-11,46237.53285,100895.9322,310524.5477,203917.9369,25705.74048,687281.69,120927.0809,808208.7709,0,7378.860238,7378.860238,189410.3698,47825.06113,219213.4267,38148.61175,283129.3651,777726.8344,108457.802,192970.6268,1079155.263
2021-12,56781.13397,123675.6623,406316.5788,249386.6987,31712.07681,867872.1505,164291.1635,1032163.314,0,11984.7666,11984.7666,217281.8735,57296.14426,246980.6634,60724.97112,402923.7433,985207.3956,144983.3185,234688.5728,1364879.287
2022-01,66456.63351,145985.2979,464926.0071,296291.9457,36836.39208,1010496.276,183004.971,1193501.247,0,12624.27251,12624.27251,253317.5281,73052.59946,306898.7973,61494.06735,421186.6247,1115949.617,171835.2828,256755.1094,1544540.009
2022-02,74989.9287,165290.0421,505436.6081,337469.6712,41908.40826,1125094.658,196717.3718,1321812.03,0,14019.75887,14019.75887,295920.5006,89305.95352,350741.4826,65206.09788,473715.8396,1274889.874,193653.4394,300874.2901,1769417.604
2022-03,84954.05903,185817.8792,580628.2839,382306.7714,47916.15217,1281623.146,239310.5361,1520933.682,0,20027.50412,20027.50412,332229.5478,92541.75427,386233.9408,94012.75819,585027.7666,1490045.768,216319.6714,362747.0631,2069112.502
2022-04,93711.2905,206353.2888,679153.7742,422196.4542,52948.37013,1454363.178,264504.1223,1718867.3,0,20892.66836,20892.66836,371286.7188,96150.61524,438515.9275,93856.54062,646362.0321,1646171.834,261000.9359,410488.2686,2317661.039
2022-05,104731.1049,229594.491,770250.4346,471724.7352,59594.21015,1635894.976,279728.6082,1915623.584,0,22039.28143,22039.28143,427249.8845,111184.9488,482403.1499,103617.8669,708798.3177,1833254.168,286496.0241,440489.7452,2560239.937
2022-06,118280.1741,252094.3786,876707.216,523097.6374,67041.76118,1837221.167,362586.6017,2199807.769,0,31031.15341,31031.15341,456848.6082,120811.74,520032.7734,122431.5818,914861.7472,2134986.451,352414.3146,535782.3821,3023183.147
2022-07,9365.334944,17950.89775,57935.83793,39835.29627,5387.646758,130475.0136,15789.07269,146264.0863,0,0,0,33487.2305,16206.41504,41130.11125,5563.806813,33802.35106,130189.9147,22992.45258,5583.340243,158765.7075
2022-08,21219.61042,42393.45833,115454.4746,88487.57691,12397.85988,279952.9801,32304.40225,312257.3824,0,376.8447249,376.8447249,82396.52717,31756.91926,89525.87502,5563.806813,76936.25061,286179.3789,30243.2251,40448.94241,356871.5464
2022-09,33561.02678,62977.28002,218604.4671,131768.4742,17813.30456,464724.5526,104875.8973,569600.4499,0,622.8903806,622.8903806,114813.4902,36024.67481,130184.2717,27589.22445,264680.6502,573292.3114,70337.79826,115885.5102,759515.6199
2022-10,43683.33561,85052.80181,279437.0328,175620.2979,23525.90144,607319.3695,123945.5464,731264.916,0,2138.210248,2138.210248,159146.1509,39743.60406,179051.75,21559.44464,252735.3119,652236.2616,85368.59416,128367.0465,865971.9023
2022-11,54923.46158,108867.5761,342488.0206,222092.2796,29466.08413,757837.422,135954.573,893791.9949,0,3318.93287,3318.93287,218414.2941,55549.05879,223814.6876,32838.20407,292504.2455,823120.49,122100,148962.6805,1094183.171
2022-12,67095.73349,130339.8018,451757.2642,264181.4765,38403.28023,951777.5562,195256.3367,1147033.893,0,4292.312698,4292.312698,251561.439,67022.49385,264226.7942,60752.63012,477868.0822,1121431.439,141088.0061,206295.9355,1468815.381
2023-01,79246.74287,154122.9644,514715.2035,311658.623,44132.40715,1103875.941,206926.1936,1310802.134,2133.11057,5630.87328,7763.98385,287935.6499,91335.36093,313340.5626,50500.37656,472050.0139,1215161.964,161242.3687,234827.1703,1611231.503
2023-02,88166.63917,175630.2585,566788.631,355502.1023,49043.46466,1235131.096,228145.207,1463276.303,6982.31057,6322.259302,13304.56987,338355.9969,108645.7598,358103.5001,55615.11132,508799.2463,1369519.614,183150,261694.6591,1814364.273
2023-03,97119.42569,198646.1713,636937.9027,404072.0415,55394.8529,1392170.394,293872.7869,1686043.181,6982.31057,11208.82277,18191.13334,373596.7657,115718.1945,416861.3587,92341.19938,676913.9087,1675431.427,212750,321059.0934,2209240.52
2023-04,106002.3352,219675.6068,737558.8934,447955.6384,60699.03558,1571891.509,322711.8543,1894603.364,6982.31057,11979.74521,18962.05578,422347.8061,120124.4463,449626.9359,62578.16037,657448.163,1712125.512,275650,314303.1584,2302078.67
2023-05,117586.0229,241277.4234,816453.422,496627.1327,67003.9432,1738947.944,341318.1392,2080266.083,6982.31057,15186.48947,22168.80004,488242.0114,138391.2334,494589.6295,68431.41916,715077.8615,1904732.155,305250,324719.9022,2534702.057
2023-06,130122.5796,264508.6293,941575.7515,550439.7642,73782.51341,1960429.238,400080.4949,2360509.733,6982.31057,16101.16318,23083.47375,530284.4079,154223.355,547156.5389,110110.909,966974.5352,2308749.746,415773.863,493663.3284,3218186.937
2023-07,8312.247941,21560.60654,72150.01602,48111.15359,4861.421549,154995.4456,14538.90604,169534.3517,0,0,0,36902.92601,29589.11405,45471.79567,23793.74342,22783.32087,158540.9,32761.09237,8309.081247,199611.0736
2023-08,20343.3918,47324.43467,136068.0198,102757.3605,10976.76531,317469.9721,33833.86828,351303.8404,0,1538.764845,1538.764845,87113.92007,52451.93532,97418.37894,21421.68693,74620.0141,333025.9354,39268.02842,32540.37121,404834.335
2023-09,32433.59966,68569.70761,243953.7593,153026.5931,16103.01368,514086.6733,71963.40502,586050.0783,0,3415.422674,3415.422674,124913.2958,63093.38328,142295.4168,42377.49837,245838.6175,618518.2117,61111.62313,124566.6135,804196.4484
2023-10,44586.46969,92638.77624,316241.4717,209166.6422,21771.02374,684404.3835,142261.8147,826666.1982,0,4350.20524,4350.20524,177023.1076,70975.72659,194836.7579,39391.25293,232530.9036,714757.7486,78586.56263,96023.9442,889368.2554
2023-11,56151.62496,116093.9416,380444.4643,266111.3352,28115.69746,846917.0635,164607.9762,1011525.04,0,4879.552039,4879.552039,246990.3746,90549.47784,245630.8862,51926.64928,285716.7541,920814.142,107548.372,132409.7613,1160772.275
2023-12,68229.03194,139796.8763,491283.687,317941.6226,33107.6232,1050358.841,219828.3207,1270187.162,0,5455.108098,5455.108098,300117.6582,105024.7558,268232.4949,74214.00573,548859.8504,1296448.765,142467.7141,265916.0228,1704832.502
2024-01,80108.28223,163376.8884,559872.3485,374950.3062,37557.95144,1215865.777,285040.8178,1500906.594,0,5570.998109,5570.998109,339187.6897,142134.2111,343883.2407,60639.28546,519941.6198,1405786.047,174330.1247,235068.2313,1815184.403
2024-02,89611.69853,185189.4244,625976.9741,430688.1055,41964.98257,1373431.185,304661.542,1678092.727,39.84405,11396.56015,11436.4042,401680.9655,165496.4779,393009.418,72864.57658,597624.3296,1630675.768,206281.9916,312074.4158,2149032.175
2024-03,98435.57055,204169.7454,704070.8361,481094.7883,46601.00521,1534371.946,321280.3845,1855652.33,0,13905.22382,13905.22382,439420.2019,177676.0248,442135.5952,83968.3883,534714.9886,1796250.596,239072.9314,360073.9255,2395397.453
2024-04,111987.1435,224905.2686,820683.5401,535280.4674,52154.17138,1745010.591,371987.7587,2116998.35,39.84405,14601.68855,14641.5326,489562.4901,191990.373,491261.7725,102298.2873,757552.2402,2032665.163,272607.3674,404477.9659,2709750.496
2024-05,122031.0142,249348.879,911336.6881,588467.2769,56850.05484,1928033.913,462507.3008,2390541.214,86.19935495,16049.02647,16135.22583,571534.3977,209158.606,540387.9497,97304.99558,847195.786,2265581.735,303709.565,440722.5369,3010013.837
2024-06,133929.1314,276721.9344,1042756.142,645488.7946,61388.87706,2160284.879,542376.7822,2702661.661,86.19935495,21951.01143,22037.21079,622543.6542,218187.8663,575269.2625,143940.3954,1118495.327,2678436.506,380388.136,546385.0013,3605209.643
2024-07,11058.67258,19811.1352,75899.97564,48813.79006,3874.810434,159458.3839,33047.43423,192505.8181,0,0,0,52694.28342,25879.89678,20425.82969,0,42210.2446,141210.2545,30833.96928,10656.71167,182700.9354
2024-08,23962.40129,43792.9052,135150.1423,101155.7599,8583.221928,312644.4306,60814.92412,373459.3547,0,196.2612388,196.2612388,135037.9746,56002.91542,75652.85089,6685.243628,110809.7433,384188.7279,30833.96928,44274.37451,459297.0717
2024-09,34619.34249,68132.99171,258642.6204,151332.347,12605.58718,525332.8887,131059.7425,656392.6312,0,1352.686865,1352.686865,176833.8354,72269.347,150146.745,32762.18031,200169.0936,632181.2014,63595.06165,115440.768,811217.031
2024-10,45223.22722,93434.65649,337870.5969,202900.2562,16996.30449,696425.0412,195360.6388,891785.6801,0,1576.073156,1576.073156,227225.3156,81447.69934,200195.66,46424.72052,292661.5231,847954.9185,94429.03094,142114.6701,1084498.62
2024-11,57501.60897,115874.0466,413803.7986,248238.1844,21213.50507,856631.1436,231705.6058,1088336.749,0,3837.637302,3837.637302,315249.3757,98395.81779,250244.575,68045.7917,362001.2571,1093936.817,158024.0926,191154.5972,1443115.507
2024-12,71534.69485,141349.2749,530834.0085,304080.1709,25844.76825,1073642.917,258131.6002,1331774.518,0,7512.611289,7512.611289,421860.0714,101691.1608,300293.4901,84562.44696,463734.9038,1372142.073,191615.3443,232041.4821,1795798.899
2025-01,83201.92837,167079.314,605240.7307,365346.6035,30549.10639,1251417.683,313457.7532,1564875.436,0,7853.51245,7853.51245,444734.2765,140895.9142,350342.4051,22874.20509,611608.0837,1570454.885,207631.1993,290101.4085,2068187.492
2025-02,94850,192676,659033,421484,44866,1412908,357129,1770037,0,9635,9635,565829,156485,400391,110649,618684,1852038,240912,322003,2414953
2025-03,107748,214997,746193,471006,49324,1589268,409100,1998368,0,14751,14751,625029,171454,440254,117812,712683,2067232,255541,376927,2699700
2025-04,121665,241120,867379,526698,54576,1811438,443658,2255096,0,9858,9858,690098,181437,500489,140284,824808,2337117,299379,388135,3024631
2025-05,137507.0255,268558.0179,963134.5217,593393.8056,59527.90161,2022121.272,490260.216,2512381.488,0,12887.55887,12887.55887,732767.8373,195605.3285,550538.0651,155212.0256,942803.6842,2576926.941,372275.0572,466559.4652,3415761.463
2025-06,157107.0682,292468.0924,1093031.788,660728.7135,68051.49362,2271387.156,685484.1268,2956871.282,956.4737,33320.31451,33320.31451,784117.3695,211002.3711,627102.4378,174089.8129,1146997.369,2943309.36,447730.6641,576776.7785,3967816.803
2025-07,13544.58499,23180.83676,73297.39615,56825.56481,4587.612373,171435.9951,43235.7017,214671.6968,0,0,0,53504.58445,21599.06617,54773.77334,8901.982764,62430.90946,201210.3162,0,16364.25065,217574.5668
2025-08,25388.88079,48467.75007,135190.865,110796.9392,8741.549613,328585.9847,91674.38994,420260.3747,0,86.37000562,86.37000562,145283.085,49411.12038,109547.5467,10798.161,177065.1093,492105.0224,32931.125,53807.44325,578843.5907
2025-09,40471.17096,73875.02511,252614.5484,173371.3501,15807.02068,556139.1152,139852.3075,695991.4227,0,2949.755532,2949.755532,201010.0621,71989.53012,164321.32,37176.04281,265644.7167,740141.6718,66131.125,122056.0268,928328.8236
2025-10,53407.43488,100187.8745,331064.8945,232612.9607,21600.73132,738873.896,203090.5858,941964.4818,0,3927.473779,3927.473779,261441.6751,87462.41142,219095.0934,37870.71501,377863.8722,983733.7671,104041.6732,186797.5208,1274572.961
2025-11,68005.80191,127512.5853,401096.7713,289838.9683,28216.94991,914671.0766,236692.8777,1151363.954,0,4810.729017,4810.729017,355641.6795,101855.5014,273868.8667,44261.65001,443678.2874,1219305.985,139585.5482,232749.1333,1591640.667
2025-12,84731.06736,153646.9564,542354.653,350995.7316,35624.44864,1167352.857,333235.0144,1500587.871,0,5758.568876,5758.568876,414106.2811,104727.9325,328642.6401,65906.11213,638806.8738,1552189.84,179519.2584,292710.8686,2024419.967
2026-01,100433.869,181119.7328,614004.6081,414743.9097,43663.83415,1353965.954,403680.7923,1757646.746,0,11910.68996,11910.68996,479670.2029,126436.1262,383416.4134,76246.00591,709007.635,1774776.383,220253.7583,341409.8643,2336440.006
2026-02,117120.0897,205134.7102,684920.8939,472292.823,46787.61832,1526256.135,466942.9569,1993199.092,0,13303.88496,13303.88496,580887.1804,149270.6917,438190.1867,90709.27942,824197.8326,2083255.171,255528.7583,371526.1352,2710310.064
2026-03,130525.1294,231764.5599,779629.4509,533242.7713,51065.99047,1726227.902,503279.8839,2229507.786,0,14707.47612,14707.47612,636972.2542,169155.8007,492963.9601,119014.7646,931551.7501,2349658.53,298477.2883,461563.2156,3109699.034
